Method,Processing_Time,Positive_Reviews,Negative_Reviews
VADER,0.3719327449798584,0.5878136200716846,0.20583717357910905
TextBlob,1.2743804454803467,0.558115719406042,0.14285714285714285
DistilBERT,161.65806579589844,0.5345622119815668,0.46543778801843316
