Method,Processing_Time,Positive_Reviews,Negative_Reviews
VADER,0.48601365089416504,0.5878136200716846,0.20583717357910905
TextBlob,28.626259803771973,0.558115719406042,0.14285714285714285
DistilBERT,207.23178386688232,0.5345622119815668,0.46543778801843316
