,CBE,BOA,Dashen
User Interface,13.394495412844037,9.62962962962963,13.718411552346572
Account Access,13.944954128440369,13.580246913580247,10.830324909747292
Transaction Performance,32.29357798165138,29.876543209876544,36.101083032490976
Customer Support,19.08256880733945,19.753086419753085,12.63537906137184
Feature Requests,21.28440366972477,27.160493827160494,26.714801444043324
